temperature,zt
300,0.16 
400,0.32 
500,0.52 
600,0.73 
700,0.94 
800,1.30 
300,0.15 
400,0.31 
500,0.52 
600,0.71 
700,0.94 
800,1.35 
300,0.12 
400,0.28 
500,0.43 
600,0.63 
700,0.84 
800,1.16 
300,0.12 
400,0.27 
500,0.42 
600,0.58 
700,0.79 
800,1.06 
300,0.02 
350,0.03 
400,0.04 
450,0.06 
500,0.09 
550,0.13 
600,0.16 
650,0.20 
700,0.24 
300,0.03 
350,0.04 
400,0.07 
450,0.11 
500,0.19 
550,0.25 
600,0.31 
650,0.39 
700,0.48 
300,0.05 
350,0.07 
400,0.11 
450,0.17 
500,0.25 
550,0.33 
600,0.40 
650,0.50 
700,0.65 
300,0.01 
350,0.02 
400,0.04 
450,0.05 
500,0.07 
550,0.10 
600,0.13 
650,0.16 
700,0.19 
323 ,0.37 
698 ,1.04 
373 ,0.49 
423 ,0.60 
473 ,0.67 
523 ,0.76 
598 ,0.86 
623 ,0.89 
648 ,0.93 
673 ,0.97 
323 ,0.41 
423 ,0.76 
473 ,0.79 
523 ,0.88 
573 ,1.00 
598 ,1.15 
623 ,1.27 
648 ,1.36 
698 ,1.53 
330,0.06 
405,0.11 
480,0.22 
518,0.23 
330,0.07 
405,0.17 
480,0.37 
518,0.47 
330,0.07 
405,0.17 
480,0.32 
518,0.42 
330,0.13 
405,0.22 
480,0.38 
518,0.42 
410,0.19 
300,0.29 
425,0.35 
350,0.39 
450,0.39 
359,0.44 
365,0.48 
375,0.59 
385,0.86 
400,2.28 
300,0.21 
385,0.27 
400,0.28 
410,0.29 
425,0.32 
375,0.33 
450,0.35 
365,0.38 
350,0.48 
359,0.84 
300,0.19 
385,0.22 
400,0.26 
410,0.28 
425,0.31 
450,0.35 
350,0.38 
359,0.46 
365,0.52 
375,0.74 
320,0.11 
363,0.14 
410,0.19 
457,0.24 
503,0.30 
600,0.37 
550,0.38 
818,0.73 
720,0.74 
329 ,0.03 
413 ,0.09 
509 ,0.19 
607 ,0.37 
703 ,0.48 
522,0.04 
475,0.05 
426,0.06 
377,0.06 
330,0.07 
300,0.07 
300,0.24 
350,0.32 
400,0.42 
450,0.51 
500,0.60 
550,0.70 
600,0.81 
650,0.90 
700,0.99 
750,1.07 
800,1.13 
850,1.22 
300,0.30 
350,0.39 
400,0.49 
450,0.59 
500,0.71 
550,0.81 
600,0.92 
650,1.03 
700,1.12 
750,1.17 
800,1.26 
850,1.28 
300,0.23 
350,0.31 
400,0.39 
450,0.48 
500,0.55 
550,0.65 
600,0.74 
650,0.83 
700,0.90 
750,0.97 
800,1.01 
850,1.02 
300,0.29 
350,0.38 
400,0.47 
450,0.56 
500,0.69 
550,0.79 
600,0.87 
650,0.97 
700,1.09 
750,1.18 
800,1.23 
850,1.34 
373,0.07 
573,0.24 
773,0.47 
973,0.71 
1163,0.90 
325,0.04 
525,0.12 
725,0.27 
925,0.51 
1125,0.74 
400,0.22 
700,0.27 
500,0.27 
600,0.28 
300,0.02 
500,0.05 
700,0.11 
900,0.22 
1000,0.28 
300,0.01 
500,0.03 
700,0.08 
900,0.15 
1000,0.19 
300,0.01 
500,0.03 
700,0.07 
900,0.13 
1000,0.16 
300,0.01 
500,0.02 
700,0.06 
900,0.11 
1000,0.13 
300,0.09 
373,0.18 
473,0.34 
573,0.52 
300,0.09 
373,0.17 
473,0.33 
573,0.50 
300,0.06 
373,0.12 
473,0.25 
573,0.42 
300,0.06 
373,0.12 
473,0.24 
573,0.38 
300,0.03 
373,0.07 
473,0.15 
573,0.24 
300,0.09 
373,0.17 
473,0.32 
573,0.51 
300,0.01 
373,0.02 
473,0.05 
573,0.10 
300,0.02 
390,0.04 
510,0.09 
600,0.13 
300,0.03 
390,0.06 
510,0.11 
600,0.16 
300,0.03 
390,0.06 
510,0.11 
600,0.15 
300,0.02 
390,0.04 
510,0.09 
600,0.13 
335,0.01 
377,0.02 
427,0.04 
473,0.06 
523,0.09 
572,0.14 
620,0.19 
668,0.25 
720,0.32 
770,0.43 
866,0.50 
323,0.16 
420,0.29 
517,0.47 
617,0.64 
715,0.81 
517,0.56 
617,0.75 
715,0.89 
323,0.16 
420,0.32 
517,0.51 
617,0.65 
715,0.81 
323,0.24 
420,0.44 
517,0.68 
715,1.03 
400 ,0.03 
600 ,0.08 
700 ,0.13 
800 ,0.18 
900 ,0.23 
1000 ,0.27 
1083 ,0.32 
500 ,0.49 
400 ,0.09 
500 ,0.16 
600 ,0.26 
700 ,0.40 
800 ,0.56 
900 ,0.74 
1000 ,0.91 
1083 ,1.03 
296,0.07 
375,0.12 
296,0.09 
375,0.17 
425,0.21 
478,0.23 
528,0.24 
577,0.37 
625,0.43 
675,0.53 
296,0.08 
375,0.13 
478,0.15 
425,0.15 
528,0.15 
577,0.27 
625,0.31 
675,0.37 
300 ,0.20 
400 ,0.32 
500 ,0.49 
600 ,0.67 
700 ,0.84 
800 ,1.00 
900 ,1.14 
1000 ,1.26 
1100 ,1.36 
1200 ,1.43 
400 ,0.20 
500 ,0.31 
300 ,0.19 
400 ,0.33 
500 ,0.50 
600 ,0.67 
700 ,0.85 
800 ,0.99 
900 ,1.13 
1000 ,1.25 
1100 ,1.36 
1200 ,1.46 
300 ,0.15 
400 ,0.30 
500 ,0.44 
600 ,0.58 
700 ,0.70 
300 ,0.11 
500 ,0.31 
900 ,0.71 
1100 ,0.77 
1000 ,0.77 
400 ,0.38 
500 ,0.56 
300 ,0.11 
400 ,0.21 
500 ,0.32 
600 ,0.41 
700 ,0.50 
800 ,0.59 
900 ,0.68 
1000 ,0.76 
323,0.03 
423,0.08 
523,0.17 
623,0.30 
723,0.48 
323,0.04 
423,0.09 
523,0.17 
623,0.29 
723,0.56 
323,0.05 
423,0.11 
523,0.18 
623,0.30 
723,0.58 
323,0.00 
423,0.01 
523,0.01 
623,0.02 
723,0.04 
300,0.18 
350,0.25 
400,0.34 
450,0.43 
500,0.52 
550,0.63 
600,0.70 
650,0.77 
300,0.20 
350,0.30 
400,0.39 
450,0.50 
500,0.60 
550,0.71 
600,0.80 
650,0.87 
300,0.21 
350,0.31 
400,0.41 
450,0.55 
500,0.69 
550,0.82 
600,0.96 
650,1.07 
300,0.12 
350,0.18 
400,0.24 
450,0.32 
500,0.40 
550,0.48 
600,0.57 
650,0.68 
300,0.19 
350,0.27 
400,0.36 
450,0.49 
500,0.61 
550,0.73 
600,0.82 
650,0.89 
350 ,0.53 
450 ,0.62 
550 ,0.82 
650 ,0.83 
600 ,0.87 
300 ,0.41 
350 ,0.52 
450 ,0.52 
550 ,0.71 
600 ,0.76 
300 ,0.42 
350 ,0.55 
450 ,0.60 
500 ,0.73 
650 ,0.76 
550 ,0.77 
600 ,0.79 
500 ,0.61 
550 ,0.61 
600 ,0.62 
650 ,0.63 
773,0.70 
305,0.16 
377,0.24 
473,0.34 
575,0.45 
676,0.59 
779,0.69 
885,0.81 
989,0.87 
305,0.15 
377,0.22 
473,0.31 
575,0.42 
676,0.53 
779,0.63 
885,0.77 
989,0.87 
1088,0.96 
305,0.17 
377,0.24 
480,0.35 
580,0.45 
682,0.59 
784,0.72 
885,0.83 
987,0.92 
1088,1.01 
305,0.14 
377,0.21 
473,0.30 
575,0.40 
676,0.49 
779,0.60 
885,0.71 
989,0.78 
1088,0.82 
422 ,0.06 
522 ,0.13 
622 ,0.21 
722 ,0.29 
822 ,0.39 
422 ,0.05 
522 ,0.11 
622 ,0.21 
722 ,0.29 
822 ,0.36 
422 ,0.10 
522 ,0.19 
822 ,0.44 
422 ,0.02 
522 ,0.05 
722 ,0.09 
822 ,0.10 
622 ,0.43 
722 ,0.51 
822 ,0.61 
922 ,0.68 
422 ,0.16 
522 ,0.28 
622 ,0.36 
922 ,0.40 
722 ,0.41 
822 ,0.43 
422 ,0.15 
522 ,0.27 
622 ,0.38 
722 ,0.48 
422 ,0.11 
820 ,0.12 
520 ,0.15 
620 ,0.16 
332,0.02 
470,0.08 
750,0.13 
565,0.13 
660,0.20 
332,0.01 
470,0.04 
565,0.10 
660,0.29 
750,0.57 
332,0.01 
470,0.03 
565,0.07 
660,0.15 
750,0.33 
332,0.00 
470,0.01 
565,0.04 
660,0.14 
750,0.25 
425 ,0.11 
525 ,0.17 
624 ,0.25 
724 ,0.32 
773 ,0.36 
425 ,0.07 
525 ,0.12 
624 ,0.18 
724 ,0.25 
773 ,0.27 
425 ,0.06 
525 ,0.12 
624 ,0.17 
724 ,0.23 
773 ,0.26 
425 ,0.12 
525 ,0.21 
624 ,0.31 
773 ,0.37 
724 ,0.37 
425 ,0.12 
525 ,0.21 
624 ,0.31 
724 ,0.37 
773 ,0.39 
624 ,0.01 
525 ,0.04 
425 ,0.04 
300,0.30 
923,0.91 
323 ,0.11 
373 ,0.19 
473 ,0.47 
523 ,0.68 
623 ,1.05 
673 ,1.12 
723 ,1.20 
323 ,0.09 
623 ,1.02 
673 ,1.14 
723 ,1.25 
323 ,0.04 
373 ,0.08 
423 ,0.16 
523 ,0.39 
473 ,0.52 
573 ,0.57 
623 ,0.72 
673 ,0.89 
723 ,0.96 
323,0.00 
523,0.00 
723,0.00 
923,0.02 
323,0.04 
523,0.06 
723,0.13 
923,0.26 
323,0.03 
523,0.08 
723,0.33 
923,0.79 
323,0.01 
523,0.03 
723,0.14 
923,0.53 
300,0.10 
500,0.28 
700,0.49 
900,0.78 
300,0.12 
500,0.30 
700,0.46 
900,0.67 
300,0.13 
500,0.30 
700,0.45 
900,0.65 
300,0.07 
500,0.23 
700,0.38 
900,0.47 
300,0.10 
400,0.23 
500,0.44 
600,0.73 
300,0.05 
400,0.11 
500,0.23 
600,0.41 
300,0.23 
400,0.35 
600,0.36 
500,0.40 
300,0.04 
400,0.06 
500,0.08 
600,0.14 
300,0.00 
373,0.00 
473,0.01 
573,0.01 
673,0.02 
773,0.03 
873,0.05 
973,0.07 
1073,0.07 
1173,0.08 
300,0.01 
373,0.02 
473,0.03 
573,0.05 
673,0.07 
773,0.09 
873,0.12 
973,0.16 
1073,0.19 
1173,0.23 
300,0.00 
373,0.00 
473,0.01 
573,0.01 
673,0.02 
773,0.03 
873,0.05 
973,0.07 
1073,0.08 
1173,0.09 
300,0.01 
773,0.10 
973,0.17 
1073,0.20 
1173,0.25 
300,0.01 
473,0.04 
573,0.06 
673,0.09 
773,0.11 
300,0.01 
373,0.02 
473,0.03 
573,0.05 
673,0.08 
773,0.11 
873,0.15 
973,0.18 
1073,0.23 
1173,0.28 
300,0.01 
373,0.02 
473,0.03 
573,0.04 
673,0.08 
773,0.11 
873,0.14 
973,0.18 
1073,0.22 
1173,0.27 
300,0.01 
373,0.02 
473,0.04 
573,0.05 
673,0.07 
773,0.10 
873,0.14 
973,0.17 
1073,0.22 
1173,0.25 
300,0.00 
373,0.00 
473,0.00 
573,0.01 
673,0.01 
773,0.03 
873,0.04 
973,0.05 
1073,0.07 
1173,0.08 
325,0.04 
375,0.06 
425,0.09 
475,0.13 
525,0.17 
625,0.18 
575,0.23 
670,0.35 
425,0.08 
475,0.10 
525,0.13 
575,0.18 
625,0.19 
670,0.34 
325,0.04 
375,0.06 
425,0.08 
475,0.10 
525,0.15 
575,0.25 
718,0.57 
768,0.61 
818,0.71 
868,0.83 
325,0.01 
375,0.03 
718,0.38 
775,0.43 
818,0.53 
868,0.58 
300 ,0.09 
673 ,0.76 
773 ,0.91 
873 ,1.09 
373 ,0.16 
473 ,0.31 
573 ,0.47 
673 ,0.72 
773 ,0.99 
873 ,1.22 
298 ,0.07 
373 ,0.11 
473 ,0.25 
573 ,0.40 
673 ,0.60 
773 ,0.81 
873 ,1.01 
298 ,0.08 
373 ,0.14 
473 ,0.30 
573 ,0.46 
673 ,0.67 
773 ,0.85 
873 ,1.06 
373 ,0.11 
473 ,0.22 
573 ,0.37 
773 ,0.75 
373 ,0.10 
473 ,0.19 
573 ,0.30 
673 ,0.49 
773 ,0.69 
873 ,0.94 
573 ,0.26 
673 ,0.41 
773 ,0.58 
873 ,0.87 
373 ,0.06 
473 ,0.10 
573 ,0.15 
673 ,0.28 
773 ,0.42 
873 ,0.59 
298 ,0.04 
373 ,0.05 
473 ,0.07 
573 ,0.11 
673 ,0.16 
773 ,0.24 
873 ,0.32 
323,0.18 
514,0.30 
418,0.31 
612,0.38 
660,0.44 
710,0.49 
757,0.58 
323,0.07 
423,0.15 
523,0.38 
623,0.80 
673,0.96 
323,0.17 
423,0.34 
523,0.68 
623,1.17 
673,1.53 
323,0.08 
423,0.18 
523,0.39 
623,0.99 
673,1.54 
298,0.21 
323,0.25 
348,0.31 
373,0.36 
398,0.38 
423,0.40 
448,0.43 
473,0.50 
498,0.54 
523,0.64 
548,0.69 
573,0.75 
598,0.84 
298,0.23 
323,0.26 
348,0.30 
373,0.35 
398,0.37 
423,0.40 
448,0.42 
473,0.45 
498,0.50 
523,0.56 
573,0.61 
548,0.62 
598,0.67 
623,0.75 
298,0.14 
323,0.16 
348,0.20 
373,0.22 
398,0.24 
423,0.26 
448,0.28 
473,0.34 
498,0.36 
523,0.39 
548,0.40 
573,0.47 
598,0.52 
623,0.59 
298,0.06 
323,0.08 
348,0.09 
373,0.11 
398,0.12 
423,0.14 
448,0.15 
473,0.19 
498,0.23 
523,0.27 
548,0.32 
573,0.38 
598,0.44 
623,0.50 
300,0.13 
400,0.24 
500,0.38 
600,0.53 
700,0.69 
300,0.11 
400,0.20 
500,0.32 
600,0.45 
700,0.62 
300,0.10 
400,0.18 
500,0.28 
600,0.38 
700,0.50 
300,0.12 
400,0.21 
500,0.33 
600,0.48 
700,0.63 
300,0.14 
400,0.24 
500,0.35 
600,0.51 
700,0.66 
300,0.11 
400,0.20 
500,0.31 
600,0.42 
700,0.51 
367 ,0.24 
774 ,0.33 
463 ,0.33 
568 ,0.35 
669 ,0.41 
367 ,0.24 
463 ,0.35 
564 ,0.39 
669 ,0.49 
774 ,0.49 
563 ,0.39 
666 ,0.52 
772 ,0.63 
408 ,0.16 
510 ,0.22 
613 ,0.25 
711 ,0.32 
375 ,0.36 
774 ,0.40 
468 ,0.46 
568 ,0.48 
669 ,0.53 
300,0.04 
400,0.06 
500,0.09 
600,0.13 
700,0.21 
300,0.03 
400,0.04 
500,0.06 
600,0.09 
700,0.15 
300,0.02 
417,0.08 
466,0.11 
517,0.14 
566,0.17 
615,0.20 
665,0.24 
713,0.26 
763,0.27 
811,0.29 
566,0.28 
615,0.34 
665,0.38 
716,0.43 
766,0.45 
814,0.47 
415,0.19 
465,0.24 
514,0.30 
564,0.35 
613,0.40 
809,0.40 
760,0.42 
711,0.43 
661,0.44 
760,0.15 
712,0.18 
417,0.22 
663,0.22 
615,0.26 
466,0.26 
514,0.28 
566,0.29 
417,0.15 
466,0.19 
517,0.24 
663,0.41 
712,0.45 
763,0.48 
810,0.49 
417,0.06 
466,0.09 
517,0.11 
566,0.14 
615,0.17 
665,0.19 
713,0.21 
763,0.23 
811,0.24 
417,0.12 
466,0.16 
517,0.19 
566,0.22 
615,0.26 
665,0.28 
713,0.31 
763,0.33 
811,0.34 
415,0.14 
466,0.19 
514,0.23 
566,0.27 
613,0.30 
663,0.35 
809,0.38 
711,0.38 
760,0.39 
415,0.10 
465,0.14 
514,0.18 
564,0.22 
613,0.26 
661,0.28 
711,0.31 
809,0.32 
760,0.33 
300,0.30 
423,0.49 
573,0.69 
723,0.79 
873,0.91 
300,0.44 
423,0.57 
573,0.70 
872,0.72 
723,0.83 
300,0.69 
423,1.05 
573,1.28 
723,1.42 
873,1.64 
300,0.50 
423,0.74 
573,0.83 
723,0.90 
873,1.25 
300,0.35 
423,0.51 
573,0.69 
323,0.16 
423,0.22 
523,0.29 
623,0.38 
723,0.45 
823,0.51 
300,0.05 
300,0.00 
300,0.01 
300,0.05 
300,0.16 
300,0.06 
300,0.03 
300,0.07 
300,0.02 
300,0.07 
300,0.02 
323,0.05 
373,0.06 
423,0.07 
473,0.09 
523,0.15 
573,0.23 
673,0.38 
723,0.45 
773,0.50 
323,0.05 
373,0.06 
423,0.07 
473,0.09 
523,0.13 
573,0.17 
673,0.28 
323,0.05 
373,0.06 
423,0.08 
473,0.10 
523,0.13 
573,0.16 
623,0.19 
723,0.34 
823,0.54 
873,0.60 
323,0.04 
373,0.05 
423,0.06 
473,0.09 
523,0.14 
573,0.18 
623,0.25 
673,0.30 
723,0.35 
773,0.40 
823,0.53 
873,0.60 
323,0.05 
373,0.06 
423,0.06 
473,0.08 
523,0.13 
573,0.20 
623,0.26 
673,0.32 
723,0.37 
873,0.52 
373 ,0.92 
473 ,0.94 
498 ,0.96 
398 ,1.01 
458 ,1.04 
423 ,1.17 
498 ,1.05 
373 ,1.08 
458 ,1.24 
473 ,1.26 
423 ,1.28 
398 ,1.29 
373 ,0.77 
498 ,0.78 
473 ,0.87 
458 ,0.92 
398 ,0.99 
423 ,1.01 
498 ,0.83 
473 ,0.91 
458 ,0.93 
373 ,0.96 
398 ,1.07 
423 ,1.14 
350,0.07 
400,0.10 
500,0.16 
350,0.07 
400,0.10 
500,0.18 
350,0.08 
400,0.12 
500,0.22 
350,0.05 
400,0.09 
500,0.18 
323 ,0.01 
473 ,0.03 
573 ,0.04 
673 ,0.06 
1023 ,0.08 
773 ,0.09 
973 ,0.10 
873 ,0.11 
323,0.05 
423,0.07 
523,0.08 
623,0.10 
723,0.18 
323,0.08 
423,0.10 
523,0.13 
623,0.13 
723,0.19 
323,0.05 
423,0.08 
523,0.10 
623,0.11 
723,0.15 
323,0.00 
423,0.01 
523,0.03 
623,0.04 
723,0.14 
323,0.08 
323,0.09 
323,0.10 
323,0.08 
323,0.03 
323 ,0.50 
373 ,0.57 
423 ,0.67 
573 ,0.71 
473 ,0.75 
523 ,0.76 
323 ,0.42 
373 ,0.49 
423 ,0.58 
473 ,0.65 
523 ,0.67 
323 ,0.45 
373 ,0.54 
423 ,0.64 
573 ,0.65 
473 ,0.69 
523 ,0.70 
323 ,0.45 
373 ,0.53 
573 ,0.56 
423 ,0.60 
523 ,0.63 
473 ,0.64 
323 ,0.46 
573 ,0.51 
373 ,0.54 
423 ,0.61 
523 ,0.61 
473 ,0.65 
50,0.00 
100,0.00 
150,0.00 
200,0.00 
250,0.01 
275,0.01 
300,0.01 
323,0.03 
373,0.06 
473,0.15 
573,0.25 
673,0.38 
323,0.04 
373,0.07 
473,0.19 
573,0.34 
673,0.47 
323,0.04 
370,0.09 
468,0.19 
565,0.32 
663,0.43 
321,0.02 
538,0.03 
432,0.03 
640,0.03 
740,0.04 
840,0.05 
1016,0.07 
432,0.11 
538,0.14 
640,0.15 
740,0.18 
538,0.07 
640,0.08 
740,0.09 
840,0.12 
321,0.04 
432,0.08 
538,0.12 
640,0.15 
740,0.19 
840,0.23 
1016,0.34 
321,0.07 
432,0.11 
538,0.16 
740,0.24 
840,0.28 
1016,0.40 
323,0.21 
348,0.25 
373,0.26 
398,0.31 
448,0.40 
473,0.44 
323,0.27 
373,0.29 
423,0.38 
323,0.12 
373,0.18 
423,0.24 
473,0.31 
423,0.00 
473,0.00 
373,0.00 
523,0.03 
573,0.11 
623,0.24 
673,0.37 
423,0.00 
373,0.00 
473,0.00 
523,0.02 
573,0.10 
623,0.26 
673,0.35 
573,0.16 
623,0.34 
673,0.42 
373,0.19 
423,0.26 
473,0.38 
523,0.52 
573,0.71 
623,0.94 
673,1.07 
373,0.09 
423,0.18 
473,0.31 
523,0.46 
573,0.20 
623,0.29 
673,0.31 
373,0.19 
423,0.23 
473,0.11 
523,0.15 
523,0.06 
473,0.08 
573,0.11 
373,0.13 
423,0.14 
623,0.21 
673,0.28 
623,0.00 
473,0.00 
573,0.01 
423,0.01 
523,0.01 
673,0.03 
373,0.04 
320,0.08 
320,0.10 
320,0.11 
770,0.00 
373,0.00 
423,0.01 
473,0.01 
523,0.01 
573,0.02 
623,0.03 
673,0.05 
723,0.07 
773,0.10 
323,0.01 
373,0.02 
423,0.04 
523,0.04 
573,0.04 
473,0.05 
623,0.07 
673,0.14 
723,0.21 
773,0.37 
300,0.00 
400,0.00 
500,0.00 
600,0.01 
700,0.03 
800,0.10 
323,0.07 
373,0.09 
423,0.12 
473,0.19 
523,0.23 
623,0.32 
773,0.59 
323,0.06 
373,0.09 
423,0.11 
473,0.16 
523,0.23 
773,0.75 
323,0.02 
373,0.02 
423,0.03 
473,0.04 
523,0.05 
573,0.06 
623,0.09 
673,0.12 
723,0.17 
773,0.25 
373,0.02 
473,0.03 
573,0.05 
673,0.08 
373,0.01 
473,0.02 
573,0.03 
673,0.05 
300 ,0.32 
400 ,0.55 
500 ,0.81 
600 ,1.06 
700 ,1.28 
800 ,1.44 
300 ,0.37 
400 ,0.61 
500 ,0.88 
600 ,1.12 
700 ,1.29 
800 ,1.33 
300 ,0.30 
400 ,0.51 
500 ,0.77 
600 ,1.03 
700 ,1.21 
800 ,1.24 
300 ,0.31 
520 ,0.87 
760 ,0.97 
620 ,1.08 
300 ,0.36 
400 ,0.59 
500 ,0.87 
600 ,1.13 
800 ,1.15 
700 ,1.25 
620 ,0.08 
760 ,0.09 
373,0.01 
473,0.02 
573,0.04 
773,0.04 
673,0.06 
373,0.01 
473,0.02 
573,0.04 
673,0.05 
373,0.02 
473,0.04 
773,0.05 
573,0.06 
673,0.07 
373,0.12 
473,0.14 
573,0.18 
773,0.19 
373,0.07 
373,0.01 
373,0.16 
323,0.04 
373,0.07 
423,0.12 
473,0.20 
523,0.27 
573,0.35 
623,0.43 
323,0.05 
373,0.08 
423,0.14 
473,0.21 
573,0.36 
623,0.45 
323,0.04 
373,0.07 
423,0.11 
473,0.19 
523,0.25 
573,0.36 
323,0.04 
423,0.10 
473,0.14 
523,0.17 
573,0.23 
623,0.28 
323,0.06 
423,0.14 
523,0.30 
623,0.48 
723,0.62 
323,0.02 
423,0.05 
523,0.15 
623,0.33 
723,0.55 
323,0.01 
423,0.03 
523,0.09 
623,0.24 
723,0.45 
300,0.06 
400,0.10 
500,0.17 
600,0.31 
700,0.63 
800,0.72 
900,0.96 
300,0.05 
400,0.10 
500,0.16 
600,0.26 
700,0.54 
800,0.58 
900,0.84 
300,0.05 
400,0.10 
500,0.16 
600,0.24 
800,0.54 
700,0.59 
900,0.75 
523,0.00 
473,0.00 
323,0.01 
373,0.01 
423,0.01 
573,0.01 
623,0.03 
673,0.05 
723,0.05 
500 ,0.00 
600 ,0.01 
700 ,0.01 
800 ,0.02 
400 ,0.00 
500 ,0.00 
600 ,0.01 
700 ,0.02 
800 ,0.03 
500 ,0.00 
400 ,0.00 
500 ,0.00 
600 ,0.00 
700 ,0.01 
800 ,0.02 
300,0.19 
350,0.33 
400,0.40 
300,0.16 
350,0.28 
400,0.39 
300,0.12 
350,0.20 
400,0.40 
300,0.10 
350,0.15 
400,0.35 
450,0.49 
300,0.07 
350,0.11 
400,0.21 
450,0.48 
300,0.02 
350,0.04 
400,0.09 
450,0.21 
300,0.01 
350,0.02 
400,0.03 
450,0.05 
330,0.12 
428,0.18 
526,0.21 
625,0.29 
724,0.40 
823,0.51 
330,0.14 
428,0.20 
526,0.26 
625,0.33 
724,0.44 
823,0.55 
330,0.19 
428,0.30 
526,0.35 
625,0.46 
724,0.60 
823,0.73 
330,0.09 
428,0.14 
526,0.15 
625,0.20 
724,0.31 
823,0.43 
330,0.18 
428,0.25 
526,0.29 
625,0.29 
724,0.32 
823,0.47 
330,0.11 
428,0.15 
526,0.17 
625,0.24 
724,0.34 
823,0.46 
330,0.16 
428,0.20 
526,0.25 
625,0.31 
724,0.40 
823,0.50 
330,0.19 
428,0.27 
526,0.34 
625,0.44 
724,0.51 
823,0.52 
330,0.20 
428,0.28 
526,0.29 
625,0.34 
724,0.37 
823,0.43 
330,0.07 
428,0.09 
526,0.11 
625,0.11 
724,0.12 
823,0.32 
350,0.22 
400,0.27 
500,0.34 
550,0.34 
600,0.33 
700,0.28 
800,0.20 
300,0.01 
373,0.09 
473,0.21 
573,0.34 
673,0.50 
773,0.68 
873,0.86 
973,1.02 
1073,1.15 
1173,1.21 
300,0.03 
373,0.09 
473,0.19 
573,0.31 
673,0.46 
773,0.61 
873,0.72 
973,0.82 
1073,0.93 
1173,1.01 
300,0.03 
473,0.20 
573,0.32 
673,0.46 
873,0.75 
973,0.89 
1073,1.00 
1173,1.06 
300,0.02 
373,0.07 
473,0.16 
573,0.27 
673,0.40 
773,0.56 
873,0.66 
973,0.78 
1073,0.88 
1173,0.97 
350,0.02 
450,0.06 
550,0.11 
650,0.13 
750,0.16 
850,0.20 
350,0.02 
450,0.05 
550,0.09 
650,0.14 
750,0.17 
850,0.23 
350,0.03 
450,0.07 
550,0.11 
650,0.17 
750,0.22 
850,0.27 
350,0.04 
450,0.08 
550,0.13 
650,0.19 
750,0.25 
850,0.31 
350,0.04 
450,0.09 
550,0.15 
650,0.21 
750,0.29 
850,0.33 
350,0.11 
450,0.20 
550,0.29 
650,0.39 
750,0.47 
850,0.55 
300,0.07 
373,0.18 
423,0.26 
473,0.33 
573,0.44 
673,0.49 
723,0.69 
823,1.31 
873,1.50 
300,0.08 
373,0.22 
423,0.34 
473,0.43 
573,0.57 
673,0.68 
723,0.99 
823,1.65 
873,1.92 
300,0.04 
373,0.11 
423,0.17 
473,0.21 
573,0.26 
673,0.33 
723,0.47 
823,0.95 
873,1.04 
300,0.05 
373,0.14 
423,0.20 
473,0.26 
573,0.33 
673,0.40 
723,0.55 
823,1.09 
873,1.25 
300,0.03 
373,0.08 
423,0.13 
473,0.16 
573,0.21 
673,0.23 
723,0.32 
823,0.72 
873,0.79 
398,0.00 
473,0.00 
573,0.00 
673,0.01 
398,0.02 
573,0.09 
673,0.14 
772,0.20 
373,0.00 
473,0.00 
573,0.00 
373,0.00 
473,0.00 
573,0.00 
298,0.15 
398,0.32 
498,0.70 
598,1.13 
648,1.37 
698,1.58 
773,1.66 
298,0.05 
398,0.09 
498,0.25 
598,0.62 
648,0.81 
698,0.97 
773,1.04 
298,0.06 
398,0.15 
498,0.37 
598,0.90 
648,1.24 
698,1.37 
773,1.25 
298,0.03 
398,0.08 
498,0.18 
598,0.44 
648,0.69 
698,1.01 
773,0.90 
298,0.04 
398,0.08 
498,0.18 
598,0.45 
648,0.61 
698,0.85 
298,0.03 
398,0.06 
498,0.14 
648,0.75 
298,0.09 
398,0.18 
498,0.42 
598,0.97 
648,1.17 
698,1.29 
773,1.34 
298,0.02 
398,0.04 
498,0.12 
598,0.34 
648,0.61 
698,0.92 
308,0.11 
400,0.22 
498,0.34 
596,0.49 
677,0.64 
308,0.19 
400,0.36 
498,0.56 
596,0.75 
677,0.91 
323,0.00 
423,0.00 
523,0.00 
623,0.00 
723,0.01 
823,0.01 
323,0.01 
423,0.01 
523,0.02 
623,0.03 
723,0.04 
823,0.05 
323,0.00 
423,0.00 
523,0.01 
623,0.01 
723,0.01 
823,0.00 
323,0.00 
423,0.00 
523,0.01 
623,0.01 
723,0.01 
823,0.00 
300,0.00 
350,0.01 
400,0.01 
450,0.02 
500,0.02 
550,0.03 
600,0.05 
300,0.00 
350,0.01 
400,0.01 
450,0.02 
500,0.02 
550,0.03 
600,0.04 
300,0.00 
350,0.01 
400,0.02 
450,0.02 
500,0.03 
550,0.05 
600,0.06 
300,0.03 
500,0.21 
700,0.41 
800,0.55 
400,0.10 
600,0.29 
800,0.52 
900,0.67 
400,0.12 
600,0.29 
800,0.52 
1000,0.86 
300,0.02 
500,0.19 
700,0.39 
900,0.66 
1100,0.91 
1200,1.02 
300,0.03 
500,0.21 
700,0.42 
900,0.70 
1100,0.95 
1200,1.03 
300,0.04 
500,0.25 
700,0.48 
900,0.81 
1100,1.14 
1200,1.26 
328,0.11 
470,0.22 
620,0.38 
769,0.59 
869,0.75 
327,0.05 
426,0.12 
529,0.23 
633,0.37 
685,0.43 
300,0.04 
415,0.12 
515,0.22 
617,0.36 
667,0.42 
300,0.01 
415,0.03 
515,0.07 
617,0.12 
667,0.15 
300,0.03 
415,0.08 
515,0.16 
617,0.27 
667,0.33 
300,0.02 
422,0.04 
524,0.09 
627,0.15 
678,0.18 
300 ,0.43 
340 ,0.56 
580 ,0.59 
540 ,0.70 
500 ,0.76 
460 ,0.78 
300 ,0.31 
340 ,0.38 
380 ,0.46 
580 ,0.48 
540 ,0.52 
420 ,0.54 
500 ,0.57 
460 ,0.58 
300 ,0.33 
340 ,0.42 
380 ,0.51 
420 ,0.58 
580 ,0.64 
460 ,0.66 
540 ,0.69 
500 ,0.70 
300 ,0.50 
340 ,0.63 
380 ,0.75 
580 ,0.82 
420 ,0.84 
460 ,0.92 
540 ,0.95 
500 ,0.97 
300 ,0.52 
340 ,0.66 
380 ,0.79 
580 ,0.82 
420 ,0.90 
540 ,0.99 
460 ,1.02 
500 ,1.07 
300,0.01 
389,0.01 
507,0.02 
626,0.05 
743,0.10 
803,0.11 
833,0.12 
862,0.11 
300,0.02 
373,0.04 
472,0.08 
571,0.10 
671,0.21 
721,0.28 
300,0.01 
370,0.04 
470,0.05 
569,0.07 
668,0.14 
721,0.03 
300,0.16 
370,0.27 
470,0.37 
569,0.48 
668,0.69 
721,0.73 
300,0.15 
370,0.25 
470,0.36 
569,0.40 
668,0.77 
721,0.92 
300,0.25 
370,0.40 
470,0.58 
569,0.79 
668,1.46 
721,1.56 
300,0.10 
370,0.12 
470,0.18 
569,0.24 
668,0.30 
721,0.38 
303,0.03 
475,0.09 
673,0.15 
871,0.12 
303,0.16 
475,0.36 
673,0.58 
771,0.67 
871,0.74 
303,0.14 
475,0.33 
673,0.58 
771,0.66 
871,0.71 
303,0.15 
475,0.32 
673,0.58 
771,0.65 
871,0.68 
303,0.08 
475,0.22 
673,0.41 
771,0.46 
871,0.43 
303,0.09 
475,0.25 
673,0.46 
771,0.54 
871,0.55 
303,0.12 
475,0.34 
673,0.51 
771,0.52 
871,0.42 
303,0.12 
475,0.30 
673,0.46 
771,0.44 
871,0.33 
475,0.27 
673,0.48 
771,0.50 
303,0.14 
475,0.31 
673,0.52 
771,0.60 
871,0.64 
303,0.02 
475,0.09 
673,0.24 
771,0.30 
871,0.34 
322,0.08 
422,0.22 
522,0.37 
622,0.56 
720,0.66 
322,0.12 
422,0.22 
522,0.37 
621,0.58 
720,1.09 
324,0.12 
416,0.32 
509,0.54 
324,0.14 
416,0.36 
509,0.51 
602,0.71 
649,0.80 
324,0.11 
416,0.30 
509,0.51 
602,0.71 
649,0.80 
324,0.02 
416,0.11 
509,0.37 
602,0.66 
649,0.75 
324,0.07 
416,0.24 
509,0.47 
602,0.66 
649,0.76 
322,0.08 
418,0.13 
518,0.18 
567,0.19 
616,0.24 
666,0.32 
763,0.62 
813,0.92 
322,0.06 
418,0.11 
518,0.15 
567,0.16 
616,0.19 
666,0.25 
763,0.50 
813,0.60 
322,0.16 
418,0.23 
518,0.29 
567,0.33 
616,0.43 
666,0.59 
763,1.12 
813,1.56 
322,0.16 
418,0.28 
518,0.30 
567,0.29 
616,0.35 
666,0.45 
763,0.91 
813,1.40 
322,0.13 
418,0.21 
518,0.27 
567,0.29 
616,0.32 
666,0.40 
763,0.77 
813,1.17 
303,0.19 
333,0.28 
353,0.36 
372,0.42 
450,0.30 
550,0.49 
650,0.70 
750,0.91 
850,1.14 
1000,1.41 
303,0.39 
333,0.50 
353,0.61 
372,0.94 
450,0.47 
550,0.71 
650,0.94 
750,1.13 
303,0.41 
333,0.52 
353,0.63 
372,0.88 
450,0.51 
550,0.75 
650,0.98 
750,1.23 
850,1.51 
1000,1.92 
303,0.37 
333,0.49 
353,0.59 
372,0.79 
450,0.48 
550,0.72 
650,0.93 
750,1.14 
850,1.35 
1000,1.68 
303,0.33 
333,0.43 
353,0.49 
372,0.65 
450,0.40 
550,0.64 
650,0.85 
750,1.06 
303,0.31 
333,0.40 
353,0.49 
372,0.60 
450,0.42 
550,0.65 
650,0.87 
750,1.08 
300,0.22 
400,0.35 
500,0.60 
600,0.83 
700,1.03 
300,0.21 
400,0.37 
500,0.63 
600,0.85 
700,1.05 
300,0.24 
400,0.41 
500,0.68 
600,0.91 
700,1.12 
300,0.23 
400,0.40 
500,0.67 
600,0.90 
700,1.11 
300,0.32 
400,0.47 
500,0.74 
600,0.96 
700,1.17 
320,0.01 
416,0.04 
515,0.10 
614,0.19 
713,0.28 
812,0.34 
320,0.03 
416,0.11 
515,0.22 
614,0.36 
713,0.46 
812,0.50 
320,0.01 
416,0.03 
515,0.09 
614,0.17 
713,0.26 
812,0.29 
297,0.07 
398,0.12 
498,0.19 
598,0.26 
697,0.33 
797,0.39 
871,0.42 
297,0.10 
398,0.18 
498,0.29 
598,0.40 
697,0.53 
797,0.62 
871,0.60 
297,0.07 
398,0.13 
498,0.21 
598,0.31 
697,0.39 
797,0.43 
871,0.45 
297,0.09 
398,0.16 
498,0.29 
598,0.40 
697,0.45 
797,0.47 
871,0.47 
297,0.07 
398,0.13 
498,0.23 
598,0.32 
697,0.39 
797,0.44 
871,0.42 
297,0.08 
398,0.15 
498,0.24 
598,0.35 
697,0.47 
797,0.55 
871,0.56 
297,0.06 
398,0.13 
498,0.21 
598,0.29 
697,0.36 
797,0.35 
871,0.32 
322,0.11 
373,0.17 
474,0.31 
525,0.37 
575,0.41 
597,0.42 
322,0.08 
373,0.12 
474,0.19 
525,0.22 
575,0.24 
597,0.24 
323,0.13 
372,0.20 
474,0.30 
524,0.36 
574,0.39 
598,0.40 
350,0.03 
400,0.05 
450,0.08 
500,0.10 
600,0.12 
700,0.13 
800,0.13 
900,0.13 
350,0.19 
450,0.31 
550,0.50 
650,0.67 
350,0.22 
450,0.38 
550,0.62 
650,0.77 
350,0.27 
450,0.47 
550,0.73 
650,0.93 
350,0.25 
450,0.50 
550,0.73 
650,0.86 
350,0.33 
450,0.57 
550,0.87 
650,1.13 
350,0.29 
450,0.54 
550,0.80 
650,1.00 
350,0.25 
450,0.46 
550,0.69 
650,0.83 
350,0.22 
450,0.43 
550,0.61 
650,0.72 
350,0.21 
450,0.39 
550,0.58 
650,0.68 
350,0.24 
450,0.44 
550,0.68 
650,0.84 
373,0.28 
473,0.45 
523,0.58 
573,0.90 
623,1.20 
723,1.38 
373,0.09 
473,0.17 
523,0.23 
573,0.29 
623,0.36 
673,0.44 
723,0.52 
373,0.36 
473,0.72 
523,0.89 
573,1.04 
623,1.22 
723,1.45 
373,0.56 
473,0.95 
523,1.07 
573,1.21 
623,1.33 
673,1.40 
723,1.47 
373,0.48 
473,0.84 
523,1.06 
573,1.20 
623,1.30 
723,1.45 
373,0.47 
473,0.75 
523,1.04 
573,1.28 
623,1.36 
673,1.65 
723,1.90 
373,0.09 
573,0.31 
773,0.60 
973,1.02 
1073,1.20 
1173,1.26 
373,0.04 
573,0.16 
773,0.33 
973,0.56 
1073,0.70 
1173,0.79 
373,0.05 
573,0.15 
773,0.31 
973,0.58 
1073,0.75 
1173,0.85 
373,0.03 
573,0.08 
773,0.17 
973,0.31 
1073,0.39 
1173,0.44 
373,0.03 
573,0.09 
773,0.19 
973,0.35 
1073,0.45 
1173,0.52 
373,0.03 
573,0.08 
773,0.14 
973,0.25 
1073,0.31 
1173,0.36 
330,0.06 
428,0.10 
528,0.11 
579,0.12 
627,0.11 
725,0.09 
327,0.00 
423,0.00 
520,0.01 
569,0.01 
619,0.01 
718,0.02 
327,0.00 
420,0.01 
515,0.02 
563,0.03 
610,0.04 
702,0.06 
327,0.00 
420,0.00 
515,0.00 
563,0.01 
610,0.01 
702,0.01 
323,0.01 
373,0.02 
473,0.05 
573,0.11 
673,0.18 
323,0.02 
373,0.04 
473,0.08 
573,0.16 
673,0.26 
323,0.01 
373,0.02 
473,0.06 
573,0.10 
673,0.13 
323,0.02 
373,0.02 
473,0.04 
573,0.07 
673,0.10 
331,0.07 
429,0.14 
527,0.23 
624,0.36 
674,0.42 
741,0.47 
800,0.56 
331,0.07 
429,0.15 
527,0.26 
624,0.38 
674,0.46 
741,0.53 
331,0.05 
405,0.09 
479,0.15 
554,0.23 
627,0.30 
700,0.38 
746,0.62 
798,0.93 
331,0.04 
405,0.06 
479,0.11 
554,0.17 
627,0.21 
700,0.30 
741,0.45 
798,0.80 
309,0.14 
400,0.26 
497,0.41 
594,0.58 
674,0.74 
309,0.09 
400,0.18 
497,0.29 
594,0.43 
674,0.57 
309,0.05 
400,0.10 
497,0.18 
594,0.29 
674,0.40 
309,0.01 
400,0.04 
497,0.09 
594,0.18 
674,0.27 
327,0.02 
394,0.03 
478,0.06 
551,0.09 
626,0.12 
701,0.15 
776,0.17 
825,0.18 
327,0.03 
394,0.05 
478,0.09 
551,0.12 
626,0.14 
701,0.15 
776,0.15 
825,0.15 
327,0.04 
394,0.06 
478,0.09 
551,0.11 
626,0.11 
701,0.11 
776,0.10 
825,0.10 
327,0.01 
394,0.01 
478,0.01 
551,0.01 
626,0.01 
701,0.01 
776,0.01 
825,0.01 
300,0.25 
315,0.27 
330,0.30 
345,0.33 
360,0.36 
375,0.39 
390,0.42 
300,0.39 
315,0.41 
330,0.44 
345,0.47 
360,0.49 
375,0.52 
390,0.55 
300,0.58 
315,0.62 
330,0.65 
345,0.69 
360,0.72 
375,0.74 
390,0.76 
300,0.65 
315,0.68 
330,0.70 
345,0.73 
360,0.76 
375,0.78 
390,0.80 
333,0.08 
426,0.11 
520,0.19 
613,0.46 
707,0.70 
769,0.91 
333,0.14 
426,0.11 
520,0.21 
613,0.47 
707,0.76 
769,0.92 
333,0.10 
426,0.15 
520,0.36 
613,0.97 
707,1.24 
769,1.44 
300,0.03 
400,0.07 
500,0.13 
600,0.21 
700,0.29 
300,0.04 
400,0.08 
500,0.15 
600,0.24 
700,0.33 
300,0.07 
400,0.14 
500,0.24 
600,0.37 
700,0.50 
300,0.06 
400,0.13 
500,0.23 
600,0.36 
700,0.54 
318,0.18 
418,0.16 
518,0.20 
618,0.23 
318,0.07 
418,0.07 
518,0.08 
618,0.10 
518,0.04 
318,0.03 
418,0.03 
518,0.03 
318,0.04 
418,0.04 
318,0.03 
418,0.02 
518,0.03 
618,0.04 
318,0.02 
418,0.02 
518,0.02 
323,0.05 
423,0.11 
523,0.18 
623,0.24 
673,0.25 
298,0.00 
323,0.00 
373,0.01 
423,0.01 
473,0.01 
523,0.01 
298,0.00 
323,0.01 
373,0.01 
423,0.03 
473,0.04 
523,0.03 
298,0.01 
323,0.02 
373,0.05 
423,0.09 
473,0.14 
523,0.18 
298,0.01 
323,0.02 
373,0.03 
423,0.06 
473,0.09 
523,0.11 
298,0.02 
323,0.02 
373,0.02 
423,0.03 
473,0.03 
523,0.03 
298,0.00 
323,0.00 
373,0.00 
423,0.00 
473,0.01 
523,0.01 
298,0.00 
323,0.00 
373,0.00 
423,0.00 
473,0.00 
523,0.00 
426,0.00 
532,0.00 
638,0.00 
750,0.00 
862,0.00 
975,0.00 
1074,0.01 
1179,0.01 
1272,0.01 
526,0.00 
632,0.00 
736,0.00 
839,0.00 
939,0.00 
1037,0.01 
1134,0.01 
1230,0.01 
392,0.00 
513,0.00 
611,0.00 
716,0.00 
811,0.00 
907,0.01 
1000,0.01 
1084,0.01 
1179,0.02 
1275,0.02 
421,0.00 
532,0.00 
636,0.00 
736,0.00 
839,0.00 
939,0.00 
1037,0.00 
1134,0.01 
486,0.00 
579,0.00 
687,0.00 
791,0.00 
891,0.00 
987,0.01 
1087,0.01 
1179,0.01 
1275,0.02 
489,0.00 
587,0.00 
693,0.00 
796,0.00 
897,0.00 
999,0.01 
1095,0.01 
1188,0.01 
1275,0.02 
323,0.02 
423,0.03 
523,0.06 
623,0.10 
723,0.16 
323,0.03 
423,0.05 
523,0.10 
623,0.15 
723,0.24 
323,0.04 
423,0.06 
523,0.10 
623,0.15 
723,0.21 
323,0.09 
423,0.16 
523,0.26 
623,0.36 
723,0.48 
823,0.59 
323,0.08 
423,0.15 
523,0.23 
623,0.36 
723,0.46 
323,0.01 
423,0.03 
523,0.06 
623,0.12 
723,0.19 
323,0.05 
423,0.09 
523,0.12 
623,0.15 
723,0.19 
323,0.00 
423,0.00 
523,0.00 
623,0.00 
723,0.00 
823,0.01 
923,0.01 
1023,0.03 
323,0.00 
423,0.00 
523,0.00 
623,0.00 
723,0.00 
823,0.00 
923,0.01 
1023,0.04 
323,0.00 
423,0.00 
523,0.00 
623,0.00 
723,0.00 
823,0.01 
923,0.02 
1023,0.07 
323,0.00 
423,0.00 
523,0.00 
623,0.00 
723,0.00 
823,0.01 
923,0.02 
1023,0.03 
423,0.00 
523,0.00 
623,0.00 
723,0.00 
823,0.00 
923,0.01 
1023,0.02 
323,0.00 
423,0.00 
523,0.00 
623,0.00 
723,0.00 
823,0.00 
923,0.01 
1023,0.02 
323,0.00 
423,0.00 
523,0.00 
623,0.00 
723,0.00 
823,0.01 
923,0.01 
1023,0.03 
423,0.00 
523,0.00 
623,0.00 
723,0.00 
823,0.00 
923,0.01 
1023,0.01 
327,0.00 
419,0.00 
513,0.00 
608,0.00 
701,0.00 
327,0.00 
419,0.00 
513,0.00 
608,0.00 
701,0.01 
327,0.00 
419,0.00 
513,0.00 
608,0.00 
701,0.00 
327,0.00 
419,0.00 
513,0.00 
608,0.00 
701,0.01 
327,0.00 
419,0.01 
513,0.01 
608,0.01 
701,0.01 
327,0.00 
419,0.00 
513,0.00 
608,0.00 
701,0.00 
327,0.00 
419,0.00 
513,0.00 
608,0.00 
701,0.00 
324,0.01 
421,0.03 
520,0.09 
618,0.16 
717,0.29 
326,0.03 
424,0.04 
521,0.06 
621,0.08 
717,0.11 
817,0.12 
914,0.16 
1013,0.19 
326,0.01 
424,0.02 
521,0.03 
621,0.06 
717,0.11 
817,0.17 
914,0.27 
326,0.02 
424,0.03 
521,0.07 
621,0.13 
717,0.22 
817,0.36 
914,0.56 
1013,0.69 
326,0.01 
424,0.02 
521,0.04 
621,0.08 
717,0.15 
817,0.22 
914,0.31 
1013,0.40 
300,0.06 
405,0.12 
512,0.19 
566,0.22 
619,0.24 
671,0.24 
725,0.24 
300,0.05 
405,0.12 
512,0.20 
566,0.23 
619,0.26 
671,0.27 
725,0.25 
300,0.05 
405,0.12 
512,0.20 
566,0.24 
619,0.26 
671,0.26 
725,0.26 
300,0.05 
405,0.11 
512,0.19 
566,0.23 
619,0.25 
671,0.27 
725,0.26 
300,0.05 
405,0.12 
512,0.18 
566,0.20 
619,0.22 
671,0.22 
725,0.21 
50,0.00 
100,0.00 
150,0.00 
200,0.00 
250,0.01 
50,0.00 
100,0.00 
150,0.00 
200,0.00 
250,0.00 
304,0.00 
373,0.02 
421,0.03 
517,0.05 
565,0.06 
613,0.06 
661,0.09 
304,0.00 
373,0.00 
422,0.01 
520,0.01 
567,0.02 
614,0.03 
661,0.03 
302,0.11 
344,0.17 
394,0.27 
442,0.37 
491,0.49 
541,0.63 
297,0.08 
342,0.14 
394,0.23 
444,0.32 
494,0.44 
545,0.55 
301,0.09 
341,0.13 
394,0.22 
444,0.29 
493,0.41 
544,0.48 
303,0.08 
341,0.12 
391,0.19 
439,0.27 
488,0.38 
537,0.49 
300,0.00 
400,0.01 
500,0.08 
525,0.08 
550,0.02 
575,0.01 
300,0.00 
400,0.00 
500,0.00 
525,0.03 
550,0.01 
575,0.00 
600,0.00 
300,0.00 
400,0.01 
500,0.04 
525,0.07 
550,0.02 
575,0.00 
600,0.00 
300,0.00 
400,0.00 
500,0.04 
525,0.10 
550,0.11 
575,0.06 
600,0.00 
326,0.09 
378,0.13 
478,0.13 
526,0.19 
576,0.24 
676,0.27 
326,0.12 
478,0.29 
526,0.32 
576,0.44 
676,0.51 
326,0.05 
378,0.08 
478,0.14 
576,0.15 
326,0.02 
378,0.04 
478,0.09 
526,0.09 
576,0.06 
326,0.11 
378,0.14 
478,0.14 
526,0.21 
576,0.30 
326,0.10 
378,0.15 
478,0.32 
526,0.41 
576,0.62 
676,0.64 
478,0.03 
526,0.02 
576,0.01 
326,0.00 
378,0.01 
478,0.03 
526,0.02 
576,0.01 
326,0.09 
378,0.13 
478,0.13 
526,0.19 
576,0.24 
676,0.26 
326,0.12 
526,0.32 
676,0.51 
326,0.06 
378,0.07 
478,0.14 
526,0.13 
576,0.09 
326,0.04 
378,0.06 
478,0.18 
526,0.09 
576,0.06 
326,0.03 
378,0.04 
478,0.13 
576,0.26 
676,0.24 
326,0.16 
378,0.22 
478,0.48 
526,0.38 
576,0.52 
676,0.56 
10,0.00 
30,0.00 
50,0.00 
70,0.00 
100,0.00 
200,0.01 
300,0.04 
10,0.00 
30,0.00 
50,0.00 
70,0.00 
100,0.00 
200,0.01 
300,0.03 
10,0.00 
30,0.00 
50,0.00 
70,0.00 
100,0.00 
200,0.01 
300,0.03 
10,0.00 
30,0.00 
50,0.00 
70,0.00 
100,0.00 
200,0.02 
300,0.04 
30,0.00 
50,0.00 
70,0.00 
100,0.00 
200,0.00 
300,0.00 
10,0.00 
30,0.00 
50,0.00 
70,0.00 
100,0.00 
200,0.01 
18,0.00 
41,0.00 
66,0.00 
89,0.00 
107,0.00 
150,0.00 
250,0.01 
300,0.01 
41,0.02 
66,0.01 
89,0.01 
107,0.01 
150,0.01 
250,0.02 
300,0.03 
600,0.12 
650,0.17 
700,0.24 
750,0.32 
800,0.41 
300,0.08 
400,0.17 
500,0.29 
600,0.45 
650,0.53 
700,0.63 
800,0.76 
300,0.07 
400,0.14 
500,0.25 
600,0.41 
650,0.50 
700,0.59 
750,0.67 
800,0.72 
300,0.09 
400,0.19 
500,0.33 
600,0.50 
650,0.58 
700,0.63 
750,0.66 
800,0.66 
300,0.13 
400,0.28 
500,0.47 
600,0.72 
650,0.83 
800,0.93 
300,0.05 
400,0.09 
500,0.17 
600,0.28 
675,0.39 
400,0.09 
500,0.17 
600,0.30 
300,0.08 
400,0.16 
500,0.25 
600,0.39 
300,0.02 
400,0.04 
500,0.09 
600,0.18 
675,0.25 
300,0.04 
400,0.08 
500,0.17 
600,0.29 
675,0.39 
400,0.08 
500,0.16 
600,0.26 
675,0.36 
300,0.98 
350,1.06 
400,0.93 
450,0.68 
500,0.45 
300,0.04 
372,0.07 
473,0.12 
523,0.15 
622,0.24 
723,0.39 
300,0.02 
372,0.04 
473,0.07 
523,0.09 
622,0.14 
723,0.24 
300,0.03 
372,0.05 
473,0.09 
523,0.11 
622,0.19 
723,0.32 
300,0.01 
372,0.01 
473,0.02 
523,0.04 
622,0.09 
723,0.17 
300,0.06 
372,0.10 
473,0.06 
523,0.09 
622,0.18 
723,0.36 
300,0.03 
373,0.04 
473,0.08 
573,0.13 
673,0.23 
723,0.30 
300,0.02 
373,0.04 
473,0.07 
573,0.11 
673,0.19 
723,0.24 
300,0.03 
373,0.04 
473,0.08 
573,0.12 
673,0.18 
723,0.24 
300,0.02 
373,0.04 
473,0.07 
573,0.11 
673,0.18 
723,0.24 
300,1.17 
350,1.10 
400,0.98 
450,0.69 
500,0.47 
300,1.13 
350,1.21 
400,1.09 
450,0.82 
500,0.54 
300,1.05 
350,1.19 
400,1.04 
450,0.80 
500,0.55 
338,0.10 
430,0.16 
530,0.23 
628,0.32 
728,0.42 
826,0.53 
924,0.63 
338,0.09 
430,0.14 
530,0.21 
628,0.30 
728,0.38 
826,0.46 
924,0.54 
338,0.09 
430,0.15 
530,0.22 
628,0.30 
728,0.38 
826,0.46 
924,0.54 
338,0.07 
430,0.12 
530,0.19 
628,0.27 
728,0.36 
826,0.46 
924,0.54 
338,0.09 
430,0.14 
530,0.21 
628,0.30 
728,0.39 
826,0.47 
924,0.57 
338,0.06 
430,0.10 
530,0.16 
628,0.24 
728,0.31 
826,0.41 
924,0.47 
323,0.00 
423,0.02 
523,0.07 
623,0.23 
723,0.40 
823,0.54 
323,0.01 
423,0.04 
523,0.14 
623,0.41 
723,0.57 
823,0.67 
323,0.02 
423,0.05 
523,0.15 
623,0.46 
723,0.61 
823,0.66 
323,0.02 
423,0.05 
523,0.14 
623,0.45 
723,0.68 
823,0.75 
323,0.01 
423,0.02 
523,0.09 
623,0.25 
723,0.49 
823,0.55 
323,0.00 
423,0.02 
523,0.09 
623,0.26 
723,0.46 
823,0.53 
323,0.00 
423,0.02 
523,0.06 
623,0.16 
723,0.31 
823,0.45 
303,0.06 
434,0.13 
594,0.37 
755,0.70 
823,0.80 
303,0.12 
432,0.30 
593,0.56 
753,0.72 
823,0.79 
303,0.09 
434,0.27 
593,0.59 
755,0.81 
825,0.97 
319,0.32 
420,0.44 
522,0.54 
623,0.63 
725,0.69 
825,0.78 
319,0.19 
420,0.26 
522,0.33 
623,0.40 
725,0.48 
825,0.55 
319,0.27 
420,0.37 
522,0.46 
623,0.54 
725,0.61 
825,0.68 
319,0.13 
420,0.17 
522,0.22 
623,0.30 
725,0.38 
825,0.45 
319,0.06 
420,0.09 
522,0.14 
623,0.25 
725,0.36 
825,0.40 
300,0.05 
375,0.08 
475,0.10 
578,0.31 
673,0.82 
772,1.03 
300,0.06 
375,0.08 
475,0.13 
578,0.52 
673,0.91 
772,1.21 
300,0.06 
375,0.07 
475,0.08 
578,0.40 
673,0.70 
772,0.90 
300,0.07 
375,0.06 
475,0.10 
578,0.32 
673,0.54 
772,0.74 
300,0.09 
375,0.10 
475,0.10 
578,0.45 
673,0.73 
772,0.97 
300,0.06 
375,0.08 
475,0.08 
578,0.22 
673,0.72 
772,0.89 
300,0.03 
375,0.05 
475,0.06 
578,0.13 
673,0.50 
772,0.65 
323,0.15 
423,0.31 
523,0.60 
623,0.92 
673,1.04 
723,1.06 
773,1.07 
323,0.10 
423,0.20 
523,0.40 
623,0.67 
673,0.81 
723,0.88 
773,0.92 
323,0.08 
423,0.16 
523,0.31 
623,0.56 
673,0.70 
723,0.79 
773,0.86 
323,0.05 
423,0.10 
523,0.22 
623,0.42 
673,0.56 
723,0.68 
773,0.77 
323,0.05 
423,0.11 
523,0.23 
623,0.46 
673,0.58 
723,0.68 
773,0.78 
323,0.03 
423,0.06 
523,0.12 
623,0.26 
673,0.37 
723,0.52 
773,0.65 
323,0.19 
423,0.38 
523,0.63 
623,0.85 
673,0.91 
723,0.94 
773,0.94 
323,0.00 
423,0.01 
523,0.05 
623,0.15 
673,0.25 
723,0.37 
773,0.52 
335,0.07 
377,0.10 
427,0.13 
477,0.16 
527,0.20 
575,0.25 
625,0.30 
675,0.36 
575,0.02 
625,0.04 
675,0.07 
720,0.14 
770,0.22 
866,0.42 
330,0.04 
373,0.05 
424,0.08 
473,0.10 
572,0.17 
620,0.23 
668,0.27 
323,0.24 
373,0.35 
473,0.61 
573,1.09 
673,1.60 
773,1.79 
823,1.64 
323,0.27 
373,0.37 
473,0.64 
573,1.00 
673,1.57 
773,1.91 
823,1.98 
323,0.04 
373,0.06 
473,0.15 
573,0.34 
673,0.62 
773,0.96 
823,1.05 
323,0.24 
373,0.37 
473,0.62 
573,1.07 
673,1.77 
773,1.96 
823,1.82 
323,0.04 
373,0.07 
473,0.14 
573,0.33 
673,0.64 
773,0.88 
823,0.93 
323,0.04 
373,0.07 
473,0.17 
573,0.30 
673,0.57 
773,0.77 
823,0.89 
323,0.03 
373,0.07 
473,0.15 
573,0.38 
673,0.85 
773,1.17 
823,1.16 
323,0.12 
373,0.19 
473,0.47 
573,0.80 
673,1.29 
773,1.61 
823,1.67 
323,0.15 
373,0.21 
473,0.35 
573,0.70 
673,1.10 
773,1.55 
823,1.59 
323,0.24 
373,0.38 
473,0.66 
573,1.04 
673,1.59 
773,1.63 
823,1.70 
323,0.89 
373,0.90 
423,0.78 
473,0.56 
523,0.37 
573,0.23 
301,0.21 
397,0.40 
497,0.72 
597,1.16 
696,1.60 
798,2.03 
301,0.19 
397,0.39 
497,0.71 
597,1.11 
696,1.52 
798,1.92 
301,0.15 
397,0.35 
497,0.71 
597,1.10 
696,1.50 
798,1.87 
301,0.19 
397,0.37 
497,0.66 
597,1.05 
696,1.44 
798,1.89 
301,0.06 
397,0.23 
497,0.63 
597,1.11 
696,1.54 
798,1.69 
301,0.13 
397,0.33 
497,0.65 
597,1.02 
696,1.34 
798,1.40 
301,0.11 
397,0.29 
497,0.59 
597,0.99 
696,1.29 
798,1.44 
323,0.03 
424,0.11 
526,0.22 
630,0.32 
735,0.40 
323,0.08 
423,0.22 
522,0.43 
626,0.62 
729,0.67 
323,0.09 
423,0.28 
522,0.55 
626,0.78 
729,0.89 
323,0.07 
424,0.21 
526,0.41 
630,0.59 
736,0.65 
323,0.02 
423,0.03 
523,0.05 
623,0.09 
323,0.03 
423,0.06 
523,0.09 
623,0.14 
323,0.04 
423,0.08 
523,0.12 
623,0.18 
323,0.43 
423,0.67 
523,0.97 
623,1.09 
723,1.19 
323,0.44 
423,0.77 
523,1.13 
623,1.37 
723,1.43 
323,0.42 
423,0.69 
523,1.01 
623,1.28 
723,1.37 
323,0.06 
423,0.12 
523,0.30 
623,0.53 
331,0.09 
424,0.15 
524,0.25 
622,0.35 
720,0.58 
769,0.77 
331,0.07 
424,0.15 
524,0.30 
622,0.52 
720,0.87 
818,1.14 
867,1.22 
891,1.19 
331,0.08 
424,0.16 
524,0.31 
622,0.50 
720,0.86 
818,1.23 
867,1.22 
891,1.19 
331,0.08 
424,0.16 
524,0.30 
622,0.47 
720,0.76 
818,1.19 
867,1.37 
891,1.37 
332,0.05 
424,0.09 
524,0.16 
622,0.27 
720,0.45 
769,0.56 
331,0.02 
426,0.07 
527,0.14 
625,0.26 
723,0.45 
772,0.59 
332,0.02 
424,0.04 
524,0.07 
621,0.16 
719,0.31 
768,0.43 
330,0.00 
421,0.01 
519,0.05 
616,0.15 
714,0.38 
763,0.53 
325,0.04 
432,0.08 
529,0.19 
625,0.40 
719,0.72 
818,1.08 
324,0.05 
432,0.11 
524,0.21 
625,0.45 
723,0.69 
818,0.89 
323,0.04 
427,0.10 
525,0.22 
622,0.47 
726,0.76 
818,0.97 
321,0.04 
427,0.09 
525,0.20 
622,0.45 
723,0.79 
824,1.25 
323,0.04 
430,0.08 
526,0.18 
620,0.40 
719,0.71 
818,1.07 
320,0.03 
427,0.06 
525,0.13 
621,0.29 
722,0.61 
818,0.96 
321,0.02 
430,0.05 
525,0.10 
620,0.25 
722,0.54 
818,0.96 
320,0.02 
427,0.03 
524,0.08 
625,0.20 
722,0.46 
818,0.78 
333,0.03 
423,0.05 
513,0.07 
603,0.09 
693,0.09 
783,0.08 
323,0.42 
423,0.64 
523,0.83 
623,0.97 
723,1.12 
773,1.12 
823,1.15 
323,0.43 
423,0.70 
523,0.76 
623,0.90 
723,1.13 
773,1.15 
823,1.09 
323,0.52 
423,0.66 
523,0.83 
623,0.78 
723,1.01 
773,1.04 
823,1.19 
323,0.44 
423,0.65 
523,0.79 
623,0.72 
723,0.88 
773,0.97 
823,1.04 
323,0.51 
423,0.75 
523,0.86 
623,0.83 
723,0.85 
773,0.99 
823,1.03 
323,0.44 
423,0.68 
523,0.76 
623,0.89 
723,1.03 
773,0.97 
823,0.83 
300,0.02 
400,0.05 
500,0.09 
600,0.23 
700,0.51 
800,1.04 
300,0.03 
400,0.05 
500,0.10 
600,0.23 
700,0.46 
800,0.91 
300,0.02 
400,0.05 
500,0.09 
600,0.15 
700,0.29 
800,0.56 
300,0.02 
400,0.04 
500,0.07 
600,0.15 
700,0.30 
800,0.58 
300,0.02 
400,0.06 
500,0.12 
600,0.20 
700,0.34 
800,0.52 
328,0.02 
376,0.07 
474,0.10 
573,0.12 
671,0.85 
710,1.02 
720,0.95 
313,0.01 
388,0.05 
477,0.11 
576,0.54 
673,0.90 
702,1.14 
732,0.91 
330,0.05 
426,0.18 
523,0.28 
601,0.44 
640,0.73 
691,0.97 
313,0.01 
426,0.07 
474,0.14 
572,0.26 
640,0.58 
673,0.78 
694,0.67 
330,0.05 
426,0.14 
523,0.25 
601,0.58 
640,0.65 
650,0.62 
309,0.69 
334,0.70 
362,0.62 
377,0.61 
307,0.71 
332,0.69 
361,0.60 
376,0.58 
305,0.77 
332,0.79 
361,0.89 
376,0.89 
312,0.73 
334,0.76 
362,0.82 
377,0.84 
308,0.80 
334,0.82 
362,0.84 
377,0.83 
310,0.70 
332,0.73 
362,0.77 
377,0.80 
311,0.77 
334,0.77 
362,0.85 
377,0.83 
309,0.79 
334,0.80 
362,0.84 
377,0.85 
295,0.01 
374,0.02 
473,0.04 
572,0.08 
672,0.16 
295,0.01 
374,0.02 
473,0.05 
572,0.10 
672,0.16 
295,0.16 
374,0.20 
473,0.17 
572,0.20 
672,0.19 
770,0.18 
870,0.19 
295,0.34 
374,0.63 
473,0.49 
572,0.73 
672,0.93 
770,1.14 
870,1.38 
295,0.36 
374,0.67 
473,0.50 
572,0.70 
672,0.97 
770,1.21 
870,1.45 
295,0.12 
374,0.14 
473,0.18 
572,0.29 
672,0.46 
770,0.64 
870,0.86 
295,0.21 
374,0.53 
473,0.39 
572,0.57 
672,0.80 
770,1.01 
870,1.26 
295,0.08 
374,0.11 
473,0.14 
572,0.25 
672,0.36 
347,0.10 
446,0.18 
543,0.27 
640,0.39 
741,0.49 
847,0.54 
347,0.28 
446,0.42 
543,0.59 
640,0.69 
741,1.01 
850,1.20 
347,0.09 
446,0.16 
543,0.26 
640,0.26 
744,0.37 
847,0.46 
350,0.18 
450,0.25 
548,0.36 
645,0.45 
747,0.60 
847,0.69 
343,0.22 
446,0.32 
543,0.45 
640,0.51 
747,0.69 
847,0.78 
347,0.06 
446,0.09 
542,0.12 
639,0.17 
737,0.28 
839,0.41 
303,0.15 
349,0.15 
363,0.15 
383,0.15 
393,0.18 
397,0.19 
403,0.29 
408,0.50 
422,0.34 
443,0.27 
303,0.29 
330,0.33 
349,0.36 
363,0.40 
383,0.47 
393,0.67 
397,0.60 
403,0.47 
408,0.49 
422,0.44 
443,0.42 
303,0.43 
330,0.49 
349,0.56 
363,0.60 
383,0.72 
393,0.89 
397,0.81 
403,0.62 
408,0.58 
422,0.59 
443,0.58 
300,0.13 
373,0.16 
473,0.16 
573,0.11 
673,0.30 
773,1.86 
300,0.19 
373,0.21 
473,0.22 
573,0.17 
673,0.34 
773,1.52 
300,0.18 
373,0.20 
473,0.17 
573,0.14 
673,0.23 
773,0.93 
300,0.23 
373,0.22 
473,0.20 
573,0.18 
673,0.26 
773,1.08 
300,0.02 
373,0.03 
473,0.06 
573,0.07 
673,0.24 
773,1.03 
300,0.04 
373,0.05 
473,0.06 
573,0.07 
673,0.15 
773,0.58 
373,0.08 
473,0.17 
573,0.23 
673,0.17 
773,0.09 
373,0.26 
473,0.43 
573,0.62 
673,0.84 
773,1.13 
444,0.01 
504,0.01 
382,0.02 
322,0.01 
326,0.29 
386,0.48 
445,0.71 
504,0.88 
326,0.29 
385,0.48 
445,0.68 
503,0.91 
322,0.40 
382,0.54 
499,0.63 
326,0.28 
385,0.48 
445,0.68 
503,0.80 
325,0.40 
385,0.52 
443,0.69 
500,0.82 
325,0.40 
385,0.55 
443,0.72 
500,0.88 
325,0.44 
385,0.63 
443,0.78 
503,0.97 
325,0.42 
385,0.64 
443,0.87 
503,1.07 
325,0.55 
385,0.68 
443,0.85 
503,0.99 
325,0.05 
385,0.07 
443,0.08 
503,0.10 
327,0.24 
447,0.56 
507,0.73 
326,0.28 
385,0.44 
444,0.63 
503,0.80 
325,0.31 
502,0.85 
300,0.02 
400,0.03 
500,0.05 
598,0.09 
698,0.13 
300,0.42 
350,0.51 
400,0.61 
450,0.73 
500,0.82 
550,0.82 
300,0.42 
350,0.56 
400,0.70 
450,0.82 
500,0.90 
550,0.86 
300,0.46 
350,0.51 
400,0.59 
450,0.70 
500,0.79 
550,0.77 
300,0.44 
350,0.52 
400,0.64 
450,0.80 
500,0.94 
550,0.91 
300,0.50 
350,0.64 
400,0.79 
450,0.93 
500,1.03 
550,0.99 
50,0.00 
100,0.00 
150,0.00 
200,0.00 
250,0.00 
300,0.00 
373,0.03 
473,0.06 
573,0.12 
673,0.20 
773,0.34 
373,0.03 
473,0.07 
573,0.14 
673,0.26 
773,0.41 
373,0.00 
473,0.01 
573,0.05 
673,0.13 
773,0.26 
373,0.00 
473,0.01 
573,0.05 
673,0.17 
773,0.32 
298,0.00 
385,0.00 
462,0.00 
539,0.01 
616,0.03 
687,0.05 
298,0.00 
385,0.00 
462,0.00 
539,0.00 
616,0.01 
298,0.00 
385,0.00 
462,0.00 
539,0.01 
616,0.02 
298,0.00 
385,0.00 
462,0.00 
539,0.01 
616,0.02 
687,0.04 
298,0.28 
391,0.00 
470,0.26 
479,0.61 
549,0.73 
625,0.83 
694,0.87 
298,0.35 
391,0.01 
468,0.07 
479,0.40 
557,0.64 
629,0.69 
298,0.09 
382,0.01 
479,0.47 
549,0.59 
621,0.61 
694,0.61 
296,0.01 
296,0.01 
296,0.01 
296,0.01 
296,0.01 
296,0.01 
296,0.00 
304 ,0.25 
370 ,0.34 
470 ,0.52 
570 ,0.72 
670 ,0.89 
770 ,1.06 
870 ,1.22 
970 ,1.39 
304 ,0.25 
370 ,0.35 
470 ,0.51 
570 ,0.68 
670 ,0.84 
770 ,0.97 
870 ,1.10 
970 ,1.22 
304 ,0.23 
370 ,0.33 
470 ,0.48 
570 ,0.63 
670 ,0.75 
770 ,0.88 
870 ,1.01 
970 ,1.14 
570 ,0.54 
670 ,0.67 
770 ,0.79 
304 ,0.11 
370 ,0.18 
470 ,0.31 
570 ,0.45 
670 ,0.55 
970 ,0.81 
304 ,0.05 
370 ,0.10 
470 ,0.20 
570 ,0.30 
670 ,0.38 
770 ,0.45 
870 ,0.50 
970 ,0.57 
670 ,0.00 
770 ,0.00 
870 ,0.01 
970 ,0.02 
373,0.00 
473,0.00 
573,0.00 
673,0.01 
773,0.02 
873,0.04 
973,0.08 
1073,0.15 
323,0.12 
373,0.19 
423,0.24 
473,0.29 
373,0.04 
323,0.06 
423,0.09 
473,0.16 
523,0.27 
573,0.43 
623,0.56 
673,0.72 
323,0.27 
373,0.29 
423,0.39 
473,0.48 
523,0.55 
623,0.67 
673,0.74 
300,0.11 
400,0.17 
500,0.20 
800,0.20 
700,0.21 
600,0.22 
300,0.29 
400,0.51 
600,1.02 
800,1.28 
300,0.38 
400,0.57 
600,1.03 
700,1.20 
800,1.30 
300,0.22 
400,0.34 
500,0.48 
600,0.63 
700,0.78 
300,0.30 
400,0.47 
500,0.67 
600,0.86 
700,1.05 
800,1.24 
300,0.19 
400,0.32 
500,0.45 
600,0.60 
800,0.82 
350,0.08 
447,0.13 
547,0.21 
645,0.29 
743,0.38 
350,0.08 
447,0.15 
547,0.23 
645,0.32 
743,0.42 
350,0.09 
447,0.16 
547,0.25 
645,0.34 
743,0.44 
350,0.13 
447,0.22 
547,0.33 
645,0.45 
743,0.57 
350,0.13 
447,0.23 
547,0.33 
645,0.44 
743,0.55 
368,0.00 
368,0.00 
368,0.00 
368,0.00 
368,0.00 
378 ,0.38 
428 ,0.44 
481 ,0.49 
533 ,0.50 
585 ,0.50 
637 ,0.52 
663 ,0.53 
378 ,0.38 
428 ,0.42 
481 ,0.47 
533 ,0.51 
585 ,0.54 
663 ,0.54 
637 ,0.54 
378 ,0.38 
428 ,0.42 
481 ,0.45 
533 ,0.48 
585 ,0.50 
637 ,0.50 
663 ,0.50 
378 ,0.32 
428 ,0.34 
663 ,0.37 
481 ,0.38 
637 ,0.38 
533 ,0.40 
585 ,0.41 
378 ,0.27 
428 ,0.34 
481 ,0.39 
533 ,0.44 
637 ,0.51 
481 ,0.38 
533 ,0.43 
585 ,0.47 
637 ,0.51 
663 ,0.53 
378 ,0.19 
533 ,0.33 
585 ,0.37 
637 ,0.40 
663 ,0.42 
585 ,0.30 
378 ,0.40 
428 ,0.44 
481 ,0.48 
533 ,0.52 
585 ,0.56 
663 ,0.59 
637 ,0.59 
378 ,0.38 
428 ,0.42 
428 ,0.35 
481 ,0.42 
533 ,0.47 
585 ,0.50 
637 ,0.50 
663 ,0.51 
533 ,0.30 
723 ,0.07 
823 ,0.09 
523 ,0.06 
623 ,0.09 
723 ,0.12 
823 ,0.16 
323 ,0.01 
423 ,0.03 
523 ,0.05 
623 ,0.07 
723 ,0.10 
823 ,0.13 
323 ,0.02 
423 ,0.03 
523 ,0.06 
623 ,0.09 
720 ,0.13 
820 ,0.17 
323 ,0.00 
423 ,0.01 
523 ,0.02 
623 ,0.04 
723 ,0.06 
823 ,0.09 
300,0.18 
473,0.51 
623,0.82 
723,0.92 
823,0.94 
300,0.22 
473,0.54 
623,0.83 
723,0.94 
823,1.00 
300,0.14 
473,0.36 
623,0.53 
823,0.56 
723,0.62 
50,0.00 
100,0.02 
150,0.05 
250,0.14 
50,0.00 
100,0.02 
150,0.04 
200,0.06 
250,0.09 
50,0.00 
150,0.00 
200,0.01 
250,0.01 
50,0.00 
100,0.00 
150,0.00 
200,0.00 
250,0.00 
323,0.18 
428,0.48 
529,0.71 
629,0.74 
724,0.65 
821,0.57 
320,0.55 
421,0.67 
520,0.73 
618,0.94 
716,1.10 
811,1.10 
318,0.50 
419,0.74 
520,0.88 
622,1.16 
724,1.32 
825,1.33 
318,0.40 
419,0.59 
520,0.78 
622,1.00 
724,1.17 
825,1.20 
318,0.36 
419,0.57 
520,0.76 
618,1.05 
719,1.22 
821,1.24 
323,0.34 
423,0.55 
520,0.72 
622,0.94 
724,1.12 
825,1.14 
325,0.01 
422,0.13 
523,0.30 
623,0.34 
673,0.37 
325,0.13 
422,0.20 
523,0.38 
623,0.60 
673,0.63 
325,0.08 
422,0.14 
523,0.32 
623,0.69 
673,0.75 
325,0.04 
422,0.13 
523,0.29 
623,0.44 
673,0.53 
325,0.05 
422,0.14 
523,0.35 
623,0.52 
673,0.63 
325,0.02 
422,0.10 
523,0.30 
623,0.41 
673,0.49 
325,0.00 
422,0.05 
523,0.28 
623,0.43 
673,0.51 
325,0.00 
422,0.00 
523,0.02 
623,0.09 
673,0.13 
376,0.03 
474,0.11 
573,0.22 
673,0.35 
771,0.42 
873,0.49 
972,0.54 
300,0.80 
350,0.82 
400,0.64 
450,0.44 
500,0.27 
324,0.12 
425,0.21 
525,0.31 
625,0.44 
724,0.63 
327,0.15 
425,0.24 
525,0.36 
625,0.48 
724,0.66 
327,0.16 
425,0.27 
525,0.40 
625,0.52 
724,0.71 
320,0.17 
424,0.31 
523,0.45 
623,0.58 
723,0.83 
327,0.17 
425,0.29 
525,0.42 
625,0.54 
724,0.77 
327,0.15 
425,0.27 
525,0.40 
625,0.53 
724,0.72 
297,0.83 
350,0.73 
374,0.63 
399,0.55 
423,0.15 
474,0.16 
524,0.19 
573,0.22 
375,0.07 
474,0.10 
576,0.14 
678,0.16 
779,0.19 
879,0.21 
970,0.23 
387,0.05 
498,0.08 
605,0.11 
704,0.13 
804,0.17 
904,0.19 
1001,0.21 
382,0.06 
492,0.11 
600,0.15 
704,0.19 
804,0.23 
904,0.27 
1002,0.29 
382,0.02 
487,0.04 
594,0.07 
697,0.09 
798,0.12 
898,0.16 
998,0.19 
382,0.04 
492,0.07 
600,0.11 
704,0.16 
804,0.21 
904,0.25 
1002,0.31 
382,0.08 
492,0.13 
600,0.19 
703,0.25 
803,0.30 
902,0.36 
1001,0.39 
325,0.03 
375,0.05 
425,0.07 
475,0.11 
525,0.17 
550,0.22 
325,0.30 
375,0.41 
425,0.53 
475,0.66 
525,0.80 
550,0.85 
325,0.39 
375,0.54 
425,0.72 
475,0.88 
525,1.05 
550,1.12 
325,0.44 
375,0.55 
425,0.73 
475,0.86 
525,1.01 
550,1.00 
325,0.29 
375,0.39 
425,0.50 
475,0.59 
525,0.74 
550,0.79 
300,0.00 
373,0.01 
473,0.08 
573,0.28 
673,0.48 
773,0.56 
300,0.00 
373,0.02 
473,0.07 
573,0.26 
673,0.50 
773,0.65 
300,0.00 
373,0.02 
473,0.07 
573,0.20 
673,0.35 
773,0.50 
301,0.03 
399,0.02 
502,0.05 
603,0.09 
706,0.15 
784,0.22 
301,0.04 
399,0.03 
502,0.06 
603,0.10 
706,0.16 
784,0.24 
301,0.02 
399,0.03 
502,0.06 
603,0.10 
706,0.18 
784,0.26 
301,0.03 
399,0.05 
502,0.08 
603,0.14 
706,0.22 
784,0.32 
303,0.07 
401,0.06 
504,0.10 
606,0.18 
711,0.31 
761,0.51 
303,0.07 
401,0.05 
504,0.14 
606,0.25 
711,0.40 
761,0.52 
303,0.09 
401,0.06 
504,0.17 
606,0.35 
711,0.53 
761,0.68 
303,0.09 
401,0.06 
504,0.16 
606,0.40 
711,0.56 
761,0.66 
373,0.00 
473,0.01 
573,0.04 
673,0.21 
773,0.78 
873,2.16 
373,0.00 
473,0.00 
573,0.03 
673,0.21 
773,0.73 
873,1.36 
371,0.18 
472,0.28 
573,0.40 
673,0.59 
773,0.62 
873,0.60 
371,0.26 
472,0.36 
573,0.52 
673,0.62 
773,0.80 
873,0.87 
371,0.26 
472,0.38 
573,0.54 
673,0.69 
773,0.88 
873,1.10 
371,0.35 
472,0.51 
573,0.80 
673,0.93 
773,1.04 
873,1.26 
371,0.25 
472,0.36 
573,0.57 
673,0.75 
773,1.04 
873,1.16 
306,0.19 
366,0.21 
426,0.23 
478,0.20 
505,0.14 
572,0.05 
306,0.22 
366,0.31 
426,0.41 
478,0.47 
505,0.45 
572,0.26 
306,0.38 
366,0.53 
426,0.75 
478,0.91 
505,0.94 
572,0.63 
306,0.23 
366,0.33 
426,0.45 
478,0.52 
505,0.51 
572,0.30 
100,0.00 
150,0.00 
250,0.00 
50,0.00 
100,0.02 
150,0.06 
250,0.13 
50,0.00 
100,0.02 
150,0.07 
250,0.17 
50,0.00 
100,0.01 
150,0.04 
250,0.10 
50,0.00 
100,0.01 
150,0.03 
250,0.09 
50,0.00 
100,0.01 
150,0.03 
250,0.08 
300,0.09 
400,0.18 
500,0.31 
600,0.43 
700,0.51 
300,0.15 
400,0.29 
500,0.48 
600,0.62 
700,0.75 
300,0.21 
400,0.38 
500,0.63 
600,0.82 
700,1.01 
300,0.20 
400,0.41 
500,0.65 
600,0.89 
700,1.17 
300,0.20 
400,0.34 
500,0.53 
600,0.71 
700,0.92 
300,0.22 
400,0.39 
500,0.62 
600,0.80 
700,0.99 
300,0.26 
400,0.44 
500,0.72 
600,0.98 
700,1.14 
300,0.21 
400,0.41 
500,0.66 
600,0.90 
700,1.21 
300,0.02 
400,0.06 
500,0.13 
600,0.16 
700,0.21 
300,0.10 
400,0.28 
500,0.46 
600,0.59 
700,0.74 
300,0.15 
400,0.29 
500,0.47 
600,0.61 
700,0.73 
300,0.16 
400,0.34 
500,0.57 
600,0.75 
700,0.91 
300,0.23 
400,0.40 
500,0.61 
600,0.78 
700,0.92 
300,0.32 
400,0.46 
500,0.69 
600,0.86 
700,1.00 
300,0.28 
400,0.44 
500,0.67 
600,0.84 
700,1.02 
300,0.29 
400,0.44 
500,0.66 
600,0.86 
700,1.07 
320,0.09 
422,0.24 
522,0.71 
623,0.71 
723,0.74 
320,0.74 
422,0.89 
522,1.45 
623,1.11 
723,1.14 
320,0.14 
422,0.41 
522,0.80 
623,0.88 
723,1.09 
320,0.55 
422,0.74 
522,1.01 
623,1.05 
723,0.92 
320,0.32 
422,0.67 
522,0.68 
623,0.56 
723,0.49 
320,0.05 
422,0.09 
522,0.08 
623,0.12 
723,0.13 
350,0.29 
444,0.44 
544,0.48 
646,0.55 
350,0.26 
444,0.48 
544,0.59 
646,0.71 
350,0.17 
444,0.26 
544,0.44 
646,0.63 
298,0.69 
343,0.78 
398,0.90 
423,0.43 
473,0.52 
298,0.60 
343,0.68 
398,0.78 
423,0.40 
473,0.49 
298,0.68 
343,0.76 
398,0.84 
423,0.40 
473,0.49 
298,0.64 
343,0.72 
398,0.84 
423,0.42 
473,0.51 
326,0.00 
424,0.00 
524,0.00 
623,0.02 
673,0.04 
723,0.08 
772,0.11 
326,0.00 
430,0.01 
535,0.01 
633,0.03 
681,0.07 
725,0.12 
778,0.22 
320,0.00 
430,0.01 
530,0.02 
630,0.02 
678,0.04 
728,0.08 
776,0.14 
320,0.00 
430,0.01 
530,0.01 
630,0.03 
678,0.03 
728,0.07 
776,0.23 
320,0.00 
430,0.01 
530,0.02 
630,0.03 
678,0.04 
728,0.11 
776,0.40 
320,0.00 
430,0.01 
530,0.02 
630,0.03 
678,0.04 
728,0.22 
776,0.57 
320,0.00 
430,0.01 
530,0.02 
630,0.03 
678,0.05 
728,0.30 
776,0.59 
320,0.00 
430,0.01 
530,0.02 
630,0.03 
678,0.05 
728,0.44 
776,0.63 
320,0.06 
430,0.14 
530,0.30 
630,0.42 
678,0.39 
728,0.56 
776,0.66 
320,0.07 
430,0.16 
530,0.32 
630,0.52 
678,0.47 
728,0.57 
776,0.69 
320,0.06 
430,0.14 
530,0.29 
630,0.51 
678,0.46 
728,0.56 
776,0.67 
325,0.75 
371,0.82 
420,0.83 
470,0.78 
519,0.70 
568,0.60 
300,0.11 
373,0.17 
473,0.25 
573,0.32 
673,0.40 
773,0.43 
300,0.16 
373,0.22 
473,0.29 
573,0.35 
673,0.44 
773,0.52 
300,0.05 
373,0.05 
473,0.02 
573,0.02 
673,0.04 
773,0.08 
300,0.05 
373,0.04 
473,0.01 
573,0.01 
673,0.04 
773,0.09 
300,0.03 
373,0.03 
473,0.02 
573,0.02 
673,0.05 
773,0.11 
300,0.15 
373,0.23 
473,0.37 
573,0.52 
673,0.66 
773,0.73 
300,0.18 
373,0.27 
473,0.36 
573,0.39 
673,0.46 
773,0.52 
300,0.16 
373,0.24 
473,0.37 
573,0.50 
673,0.58 
773,0.60 
300,0.09 
373,0.14 
473,0.23 
573,0.34 
673,0.46 
773,0.62 
303,0.12 
403,0.18 
503,0.24 
603,0.33 
703,0.41 
753,0.47 
303,0.10 
403,0.12 
503,0.18 
603,0.30 
703,0.44 
753,0.48 
303,0.10 
403,0.14 
503,0.24 
603,0.41 
703,0.62 
753,0.70 
303,0.07 
403,0.09 
503,0.14 
603,0.24 
703,0.39 
753,0.40 
303,0.08 
403,0.12 
503,0.17 
603,0.28 
703,0.43 
753,0.50 
303,0.09 
403,0.12 
503,0.21 
603,0.34 
703,0.53 
753,0.65 
303,0.09 
403,0.12 
503,0.17 
603,0.26 
703,0.36 
753,0.38 
323,0.04 
423,0.05 
523,0.08 
623,0.14 
723,0.26 
323,0.08 
423,0.13 
523,0.19 
623,0.29 
723,0.42 
323,0.09 
423,0.16 
523,0.24 
623,0.37 
723,0.51 
323,0.13 
423,0.21 
523,0.32 
623,0.45 
723,0.64 
823,0.86 
323,0.12 
423,0.19 
523,0.27 
623,0.40 
723,0.58 
823,0.81 
323,0.01 
423,0.03 
523,0.06 
623,0.13 
723,0.22 
823,0.35 
323,0.03 
423,0.08 
523,0.15 
623,0.25 
723,0.33 
823,0.85 
324,0.07 
423,0.15 
525,0.25 
625,0.34 
725,0.57 
827,1.33 